{
  "project_info": {
    "project_number": "654142488175",
    "firebase_url": "https://fir-textdetection.firebaseio.com",
    "project_id": "fir-textdetection",
    "storage_bucket": "fir-textdetection.appspot.com"
  },
  "client": [
    {
      "client_info": {
        "mobilesdk_app_id": "1:654142488175:android:25e686051fa6ef48e2579a",
        "android_client_info": {
          "package_name": "com.neel.textdetection"
        }
      },
      "oauth_client": [
        {
          "client_id": "654142488175-mspp2le5bfqqer3qi9i2mg7jvmpj37al.apps.googleusercontent.com",
          "client_type": 3
        }
      ],
      "api_key": [
        {
          "current_key": "AIzaSyDlxEFUnR3qNFD7qj4zat_Chr_YeXGR-Qg"
        }
      ],
      "services": {
        "appinvite_service": {
          "other_platform_oauth_client": [
            {
              "client_id": "654142488175-mspp2le5bfqqer3qi9i2mg7jvmpj37al.apps.googleusercontent.com",
              "client_type": 3
            }
          ]
        }
      }
    }
  ],
  "configuration_version": "1"
}