{
  "project_info": {
    "project_number": "598531157177",
    "firebase_url": "https://fir-ede45.firebaseio.com",
    "project_id": "fir-ede45",
    "storage_bucket": "fir-ede45.appspot.com"
  },
  "client": [
    {
      "client_info": {
        "mobilesdk_app_id": "1:598531157177:android:d5a843d559b5083c323f68",
        "android_client_info": {
          "package_name": "com.neel.firebaseloginsystem"
        }
      },
      "oauth_client": [
        {
          "client_id": "598531157177-ogiotm8k4fpqbb4fm02bm4gluqgigr2i.apps.googleusercontent.com",
          "client_type": 3
        }
      ],
      "api_key": [
        {
          "current_key": "AIzaSyBk0VWV63ppCyoKqpfV4VB00CxAbHF0Cw4"
        }
      ],
      "services": {
        "appinvite_service": {
          "other_platform_oauth_client": [
            {
              "client_id": "598531157177-ogiotm8k4fpqbb4fm02bm4gluqgigr2i.apps.googleusercontent.com",
              "client_type": 3
            }
          ]
        }
      }
    },
    {
      "client_info": {
        "mobilesdk_app_id": "1:598531157177:android:0e752825a36b0eb6323f68",
        "android_client_info": {
          "package_name": "com.neel.fireuserget"
        }
      },
      "oauth_client": [
        {
          "client_id": "598531157177-ogiotm8k4fpqbb4fm02bm4gluqgigr2i.apps.googleusercontent.com",
          "client_type": 3
        }
      ],
      "api_key": [
        {
          "current_key": "AIzaSyBk0VWV63ppCyoKqpfV4VB00CxAbHF0Cw4"
        }
      ],
      "services": {
        "appinvite_service": {
          "other_platform_oauth_client": [
            {
              "client_id": "598531157177-ogiotm8k4fpqbb4fm02bm4gluqgigr2i.apps.googleusercontent.com",
              "client_type": 3
            }
          ]
        }
      }
    },
    {
      "client_info": {
        "mobilesdk_app_id": "1:598531157177:android:fbfbec263225d2d0323f68",
        "android_client_info": {
          "package_name": "com.neel.fireusersystem"
        }
      },
      "oauth_client": [
        {
          "client_id": "598531157177-ogiotm8k4fpqbb4fm02bm4gluqgigr2i.apps.googleusercontent.com",
          "client_type": 3
        }
      ],
      "api_key": [
        {
          "current_key": "AIzaSyBk0VWV63ppCyoKqpfV4VB00CxAbHF0Cw4"
        }
      ],
      "services": {
        "appinvite_service": {
          "other_platform_oauth_client": [
            {
              "client_id": "598531157177-ogiotm8k4fpqbb4fm02bm4gluqgigr2i.apps.googleusercontent.com",
              "client_type": 3
            }
          ]
        }
      }
    },
    {
      "client_info": {
        "mobilesdk_app_id": "1:598531157177:android:657f0f7400da456e323f68",
        "android_client_info": {
          "package_name": "com.neel.rockpaperscissor"
        }
      },
      "oauth_client": [
        {
          "client_id": "598531157177-ogiotm8k4fpqbb4fm02bm4gluqgigr2i.apps.googleusercontent.com",
          "client_type": 3
        }
      ],
      "api_key": [
        {
          "current_key": "AIzaSyBk0VWV63ppCyoKqpfV4VB00CxAbHF0Cw4"
        }
      ],
      "services": {
        "appinvite_service": {
          "other_platform_oauth_client": [
            {
              "client_id": "598531157177-ogiotm8k4fpqbb4fm02bm4gluqgigr2i.apps.googleusercontent.com",
              "client_type": 3
            }
          ]
        }
      }
    }
  ],
  "configuration_version": "1"
}