{
  "project_info": {
    "project_number": "247925443212",
    "firebase_url": "https://mlonline-facerecognition.firebaseio.com",
    "project_id": "mlonline-facerecognition",
    "storage_bucket": "mlonline-facerecognition.appspot.com"
  },
  "client": [
    {
      "client_info": {
        "mobilesdk_app_id": "1:247925443212:android:3d3e4b197ff030150bc9a9",
        "android_client_info": {
          "package_name": "com.neel.facedetection"
        }
      },
      "oauth_client": [
        {
          "client_id": "247925443212-i0002srdsqtbnaokg1pne9cdbf74ge03.apps.googleusercontent.com",
          "client_type": 3
        }
      ],
      "api_key": [
        {
          "current_key": "AIzaSyCauseO7Uj7Fg4qSgAeCLaBHArxkrKXS9s"
        }
      ],
      "services": {
        "appinvite_service": {
          "other_platform_oauth_client": [
            {
              "client_id": "247925443212-i0002srdsqtbnaokg1pne9cdbf74ge03.apps.googleusercontent.com",
              "client_type": 3
            }
          ]
        }
      }
    }
  ],
  "configuration_version": "1"
}